Correct Order,Num Statements,Statement 1,Statement 2,Statement 3,Statement 4,front_end,style,instruction,message
"bird,horse,goat,cat,dog",4,bird's cage is exactly 4 positions ahead of dog's,goat is ahead of cat,cat is ahead of dog,cat is not next to horse,"front, end","['blank', 'blank', 'blank', 'horizontal lines', 'dotted circles']",Determine the front-to-back cage order of the animals using the given statements.,"[{'role': 'developer', 'content': ""You're an helpful tutor. Your task is to use the socratic method to help the user solve logic deduction puzzles.""}, {'role': 'user', 'content': 'What is sqrt(-1)?'}]"
"black book,yellow book,orange book,white book,red book",4,white book is not the cheapest,red book is more expensive than orange book,black book is exactly 2 ranks cheaper than orange book,black book is exactly 3 ranks cheaper than white book,"cheap, expensive","['dotted circles', 'blank', 'blank', 'horizontal lines', 'blank']",Determine the price order of the colored books from cheapest to most expensive using the given statements.,"[{'role': 'developer', 'content': ""You're an helpful tutor. Your task is to use the socratic method to help the user solve logic deduction puzzles.""}, {'role': 'user', 'content': 'What is sqrt(-1)?'}]"
"red book,yellow book,orange book,white book,black book",4,yellow book is more expensive than red book,white book is more expensive than orange book,white book is cheaper than black book,yellow book is exactly 3 ranks cheaper than black book,"cheap, expensive","['dotted circles', 'blank', 'blank', 'blank', 'horizontal lines']",Determine the price order of the colored books from cheapest to most expensive using the given statements.,"[{'role': 'developer', 'content': ""You're an helpful tutor. Your task is to use the socratic method to help the user solve logic deduction puzzles.""}, {'role': 'user', 'content': 'What is sqrt(-1)?'}]"
"Mia,Bob,Brown,May,David",4,David is taller than May,Brown is somewhere between May and Bob,Brown is taller than Bob,There is 1 person shorter than Bob,"short, tall","['dotted circles', 'blank', 'horizontal lines', 'blank', 'blank']",Determine the height order of the people from shortest to tallest using the given statements.,"[{'role': 'developer', 'content': ""You're an helpful tutor. Your task is to use the socratic method to help the user solve logic deduction puzzles.""}, {'role': 'user', 'content': 'What is sqrt(-1)?'}]"
"yellow book,red book,white book,orange book,black book",4,orange book is located exactly midway between white book and black book,white book is exactly 2 ranks cheaper than black book,There are 0 books cheaper than yellow book,red book is cheaper than black book,"cheap, expensive","['blank', 'blank', 'dotted circles', 'horizontal lines', 'blank']",Determine the price order of the colored books from cheapest to most expensive using the given statements.,"[{'role': 'developer', 'content': ""You're an helpful tutor. Your task is to use the socratic method to help the user solve logic deduction puzzles.""}, {'role': 'user', 'content': 'What is sqrt(-1)?'}]"
"Jacob,Linda,Paul,Jennifer,Thomas",4,Jennifer is younger than Thomas,There are 3 people younger than Jennifer,Linda is not the youngest,Linda is younger than Paul,"young, old","['blank', 'dotted circles', 'horizontal lines', 'blank', 'blank']",Determine the age order of the people from youngest to oldest using the given statements.,"[{'role': 'developer', 'content': ""You're an helpful tutor. Your task is to use the socratic method to help the user solve logic deduction puzzles.""}, {'role': 'user', 'content': 'What is sqrt(-1)?'}]"
"black book,white book,yellow book,red book,orange book",4,orange book is at position 5,white book is more expensive than black book,black book is exactly 3 ranks cheaper than red book,yellow book is exactly 2 ranks cheaper than orange book,"cheap, expensive","['dotted circles', 'blank', 'blank', 'horizontal lines', 'blank']",Determine the price order of the colored books from cheapest to most expensive using the given statements.,"[{'role': 'developer', 'content': ""You're an helpful tutor. Your task is to use the socratic method to help the user solve logic deduction puzzles.""}, {'role': 'user', 'content': 'What is sqrt(-1)?'}]"
"C,D,E,A,B",4,There is 1 person in front of D,E is somewhere between C and A,E is ahead of A,A is ahead of B,"front, end","['dotted circles', 'blank', 'blank', 'horizontal lines', 'blank']",Determine the front-to-back order of the people using the given statements.,"[{'role': 'developer', 'content': ""You're an helpful tutor. Your task is to use the socratic method to help the user solve logic deduction puzzles.""}, {'role': 'user', 'content': 'What is sqrt(-1)?'}]"
"goat,horse,dog,bird,cat",4,bird is not next to goat,horse's cage is exactly 2 positions ahead of bird's,dog is at position 3,cat is behind dog,"front, end","['dotted circles', 'blank', 'blank', 'horizontal lines', 'blank']",Determine the front-to-back cage order of the animals using the given statements.,"[{'role': 'developer', 'content': ""You're an helpful tutor. Your task is to use the socratic method to help the user solve logic deduction puzzles.""}, {'role': 'user', 'content': 'What is sqrt(-1)?'}]"
"Paul,Thomas,Linda,Jacob,Jennifer",4,Jacob is younger than Jennifer,Thomas is older than Paul,Linda is somewhere between Jacob and Thomas,Linda is younger than Jacob,"young, old","['dotted circles', 'blank', 'blank', 'horizontal lines', 'blank']",Determine the age order of the people from youngest to oldest using the given statements.,"[{'role': 'developer', 'content': ""You're an helpful tutor. Your task is to use the socratic method to help the user solve logic deduction puzzles.""}, {'role': 'user', 'content': 'What is sqrt(-1)?'}]"
"dog,goat,horse,cat,bird",4,horse is not in the first cage,There are 3 animals ahead of cat,horse is not next to dog,dog's cage is exactly 4 positions ahead of bird's,"front, end","['dotted circles', 'blank', 'blank', 'horizontal lines', 'blank']",Determine the front-to-back cage order of the animals using the given statements.,"[{'role': 'developer', 'content': ""You're an helpful tutor. Your task is to use the socratic method to help the user solve logic deduction puzzles.""}, {'role': 'user', 'content': 'What is sqrt(-1)?'}]"
"A,C,D,E,B",4,E is somewhere between D and B,C is behind A,There is 1 person in front of C,D is somewhere between B and C,"front, end","['blank', 'blank', 'dotted circles', 'horizontal lines', 'blank']",Determine the front-to-back order of the people using the given statements.,"[{'role': 'developer', 'content': ""You're an helpful tutor. Your task is to use the socratic method to help the user solve logic deduction puzzles.""}, {'role': 'user', 'content': 'What is sqrt(-1)?'}]"
"Jennifer,Linda,Thomas,Paul,Jacob",4,Linda is older than Jennifer,Paul is older than Thomas,There are 3 people older than Linda,Jacob is older than Paul,"young, old","['dotted circles', 'horizontal lines', 'blank', 'blank', 'blank']",Determine the age order of the people from youngest to oldest using the given statements.,"[{'role': 'developer', 'content': ""You're an helpful tutor. Your task is to use the socratic method to help the user solve logic deduction puzzles.""}, {'role': 'user', 'content': 'What is sqrt(-1)?'}]"
"Brown,Bob,David,May,Mia",4,May is somewhere between Mia and Bob,There is 1 person shorter than Bob,May is taller than David,Brown is shorter than Bob,"short, tall","['dotted circles', 'blank', 'blank', 'horizontal lines', 'blank']",Determine the height order of the people from shortest to tallest using the given statements.,"[{'role': 'developer', 'content': ""You're an helpful tutor. Your task is to use the socratic method to help the user solve logic deduction puzzles.""}, {'role': 'user', 'content': 'What is sqrt(-1)?'}]"
"E,B,A,C,D",4,C is ahead of D,B is behind E,D is not next to A,B is at position 2,"front, end","['dotted circles', 'blank', 'blank', 'horizontal lines', 'blank']",Determine the front-to-back order of the people using the given statements.,"[{'role': 'developer', 'content': ""You're an helpful tutor. Your task is to use the socratic method to help the user solve logic deduction puzzles.""}, {'role': 'user', 'content': 'What is sqrt(-1)?'}]"
"May,Brown,Mia,Bob,David",4,Brown is taller than May,Bob is somewhere between Mia and David,Brown is at position 2,Mia is somewhere between Bob and May,"short, tall","['dotted circles', 'blank', 'blank', 'horizontal lines', 'blank']",Determine the height order of the people from shortest to tallest using the given statements.,"[{'role': 'developer', 'content': ""You're an helpful tutor. Your task is to use the socratic method to help the user solve logic deduction puzzles.""}, {'role': 'user', 'content': 'What is sqrt(-1)?'}]"
"cat,horse,bird,dog,goat",4,bird is ahead of dog,goat is not in the first cage,There are 3 animals behind horse,cat's cage is exactly 4 positions ahead of goat's,"front, end","['blank', 'dotted circles', 'blank', 'horizontal lines', 'blank']",Determine the front-to-back cage order of the animals using the given statements.,"[{'role': 'developer', 'content': ""You're an helpful tutor. Your task is to use the socratic method to help the user solve logic deduction puzzles.""}, {'role': 'user', 'content': 'What is sqrt(-1)?'}]"
"horse,dog,bird,goat,cat",4,horse's cage is exactly 4 positions ahead of cat's,dog is ahead of goat,dog is ahead of bird,There are 2 animals behind bird,"front, end","['dotted circles', 'horizontal lines', 'blank', 'blank', 'blank']",Determine the front-to-back cage order of the animals using the given statements.,"[{'role': 'developer', 'content': ""You're an helpful tutor. Your task is to use the socratic method to help the user solve logic deduction puzzles.""}, {'role': 'user', 'content': 'What is sqrt(-1)?'}]"
"D,E,A,B,C",4,There are 0 people in front of D,C is behind A,C is not next to A,E is ahead of A,"front, end","['dotted circles', 'blank', 'blank', 'horizontal lines', 'blank']",Determine the front-to-back order of the people using the given statements.,"[{'role': 'developer', 'content': ""You're an helpful tutor. Your task is to use the socratic method to help the user solve logic deduction puzzles.""}, {'role': 'user', 'content': 'What is sqrt(-1)?'}]"
"Paul,Jennifer,Jacob,Thomas,Linda",4,There are 0 people older than Linda,Jennifer is somewhere between Linda and Paul,Jacob is younger than Thomas,Jacob is older than Jennifer,"young, old","['dotted circles', 'blank', 'blank', 'horizontal lines', 'blank']",Determine the age order of the people from youngest to oldest using the given statements.,"[{'role': 'developer', 'content': ""You're an helpful tutor. Your task is to use the socratic method to help the user solve logic deduction puzzles.""}, {'role': 'user', 'content': 'What is sqrt(-1)?'}]"
"May,Bob,Mia,David,Brown",4,Bob is at position 2,David is somewhere between Brown and May,May is shorter than David,Mia is somewhere between May and David,"short, tall","['dotted circles', 'blank', 'blank', 'horizontal lines', 'blank']",Determine the height order of the people from shortest to tallest using the given statements.,"[{'role': 'developer', 'content': ""You're an helpful tutor. Your task is to use the socratic method to help the user solve logic deduction puzzles.""}, {'role': 'user', 'content': 'What is sqrt(-1)?'}]"
"D,B,E,A,C",4,D is not the last,E is somewhere between A and B,There is 1 person behind A,D is not next to E,"front, end","['blank', 'dotted circles', 'blank', 'horizontal lines', 'blank']",Determine the front-to-back order of the people using the given statements.,"[{'role': 'developer', 'content': ""You're an helpful tutor. Your task is to use the socratic method to help the user solve logic deduction puzzles.""}, {'role': 'user', 'content': 'What is sqrt(-1)?'}]"
"orange book,yellow book,white book,red book,black book",4,orange book is cheaper than red book,yellow book is cheaper than white book,white book is located exactly midway between yellow book and red book,orange book is exactly 4 ranks cheaper than black book,"cheap, expensive","['dotted circles', 'blank', 'blank', 'horizontal lines', 'blank']",Determine the price order of the colored books from cheapest to most expensive using the given statements.,"[{'role': 'developer', 'content': ""You're an helpful tutor. Your task is to use the socratic method to help the user solve logic deduction puzzles.""}, {'role': 'user', 'content': 'What is sqrt(-1)?'}]"
"D,E,B,A,C",4,D is ahead of E,A is behind B,E is at position 2,A is ahead of C,"front, end","['blank', 'dotted circles', 'blank', 'horizontal lines', 'blank']",Determine the front-to-back order of the people using the given statements.,"[{'role': 'developer', 'content': ""You're an helpful tutor. Your task is to use the socratic method to help the user solve logic deduction puzzles.""}, {'role': 'user', 'content': 'What is sqrt(-1)?'}]"
"Paul,Linda,Thomas,Jennifer,Jacob",4,Paul is at position 1,Linda is younger than Thomas,Jennifer is younger than Jacob,Thomas is younger than Jennifer,"young, old","['dotted circles', 'blank', 'blank', 'blank', 'horizontal lines']",Determine the age order of the people from youngest to oldest using the given statements.,"[{'role': 'developer', 'content': ""You're an helpful tutor. Your task is to use the socratic method to help the user solve logic deduction puzzles.""}, {'role': 'user', 'content': 'What is sqrt(-1)?'}]"
"orange book,white book,yellow book,black book,red book",4,yellow book is more expensive than white book,There are 0 books cheaper than orange book,white book is exactly 2 ranks cheaper than black book,red book is more expensive than black book,"cheap, expensive","['blank', 'dotted circles', 'blank', 'horizontal lines', 'blank']",Determine the price order of the colored books from cheapest to most expensive using the given statements.,"[{'role': 'developer', 'content': ""You're an helpful tutor. Your task is to use the socratic method to help the user solve logic deduction puzzles.""}, {'role': 'user', 'content': 'What is sqrt(-1)?'}]"
"goat,bird,dog,cat,horse",4,bird's cage is exactly 3 positions ahead of horse's,dog's cage is exactly 2 positions ahead of horse's,bird is behind goat,bird is not in the first cage,"front, end","['dotted circles', 'blank', 'blank', 'horizontal lines', 'blank']",Determine the front-to-back cage order of the animals using the given statements.,"[{'role': 'developer', 'content': ""You're an helpful tutor. Your task is to use the socratic method to help the user solve logic deduction puzzles.""}, {'role': 'user', 'content': 'What is sqrt(-1)?'}]"
"Jacob,Thomas,Paul,Jennifer,Linda",4,Thomas is younger than Paul,Paul is younger than Linda,Jennifer is somewhere between Paul and Linda,Thomas is older than Jacob,"young, old","['blank', 'blank', 'blank', 'dotted circles', 'horizontal lines']",Determine the age order of the people from youngest to oldest using the given statements.,"[{'role': 'developer', 'content': ""You're an helpful tutor. Your task is to use the socratic method to help the user solve logic deduction puzzles.""}, {'role': 'user', 'content': 'What is sqrt(-1)?'}]"
"Thomas,Linda,Paul,Jacob,Jennifer",4,Linda is younger than Paul,Jennifer is the eldest,Jacob is older than Paul,Linda is not the youngest,"young, old","['dotted circles', 'horizontal lines', 'blank', 'blank', 'blank']",Determine the age order of the people from youngest to oldest using the given statements.,"[{'role': 'developer', 'content': ""You're an helpful tutor. Your task is to use the socratic method to help the user solve logic deduction puzzles.""}, {'role': 'user', 'content': 'What is sqrt(-1)?'}]"
"Bob,David,Brown,Mia,May",4,May is taller than Mia,Brown is at position 3,Brown is shorter than Mia,David is taller than Bob,"short, tall","['dotted circles', 'blank', 'blank', 'blank', 'horizontal lines']",Determine the height order of the people from shortest to tallest using the given statements.,"[{'role': 'developer', 'content': ""You're an helpful tutor. Your task is to use the socratic method to help the user solve logic deduction puzzles.""}, {'role': 'user', 'content': 'What is sqrt(-1)?'}]"
"bird,horse,cat,goat,dog",4,bird is ahead of cat,bird's cage is exactly 4 positions ahead of dog's,horse is not next to goat,horse's cage is exactly 3 positions ahead of dog's,"front, end","['dotted circles', 'blank', 'blank', 'horizontal lines', 'blank']",Determine the front-to-back cage order of the animals using the given statements.,"[{'role': 'developer', 'content': ""You're an helpful tutor. Your task is to use the socratic method to help the user solve logic deduction puzzles.""}, {'role': 'user', 'content': 'What is sqrt(-1)?'}]"
"Thomas,Jennifer,Linda,Jacob,Paul",4,Jacob is at position 4,Linda is somewhere between Thomas and Jacob,Thomas is younger than Jennifer,Linda is older than Jennifer,"young, old","['dotted circles', 'blank', 'blank', 'horizontal lines', 'blank']",Determine the age order of the people from youngest to oldest using the given statements.,"[{'role': 'developer', 'content': ""You're an helpful tutor. Your task is to use the socratic method to help the user solve logic deduction puzzles.""}, {'role': 'user', 'content': 'What is sqrt(-1)?'}]"
"Mia,Bob,David,Brown,May",4,Bob is somewhere between Mia and David,David is shorter than May,Brown is at position 4,David is taller than Mia,"short, tall","['dotted circles', 'blank', 'blank', 'horizontal lines', 'blank']",Determine the height order of the people from shortest to tallest using the given statements.,"[{'role': 'developer', 'content': ""You're an helpful tutor. Your task is to use the socratic method to help the user solve logic deduction puzzles.""}, {'role': 'user', 'content': 'What is sqrt(-1)?'}]"
"Jacob,Linda,Thomas,Jennifer,Paul",4,Thomas is younger than Jennifer,Paul is older than Jennifer,Thomas is not the youngest,There are 3 people older than Linda,"young, old","['blank', 'blank', 'dotted circles', 'horizontal lines', 'blank']",Determine the age order of the people from youngest to oldest using the given statements.,"[{'role': 'developer', 'content': ""You're an helpful tutor. Your task is to use the socratic method to help the user solve logic deduction puzzles.""}, {'role': 'user', 'content': 'What is sqrt(-1)?'}]"
"goat,horse,cat,bird,dog",4,dog is not next to cat,goat's cage is exactly 2 positions ahead of cat's,horse's cage is exactly 3 positions ahead of dog's,cat is ahead of bird,"front, end","['blank', 'blank', 'dotted circles', 'horizontal lines', 'blank']",Determine the front-to-back cage order of the animals using the given statements.,"[{'role': 'developer', 'content': ""You're an helpful tutor. Your task is to use the socratic method to help the user solve logic deduction puzzles.""}, {'role': 'user', 'content': 'What is sqrt(-1)?'}]"
"Jennifer,Jacob,Linda,Thomas,Paul",4,Jacob is younger than Linda,Jacob is older than Jennifer,Paul is older than Thomas,Thomas is older than Linda,"young, old","['dotted circles', 'horizontal lines', 'blank', 'blank', 'blank']",Determine the age order of the people from youngest to oldest using the given statements.,"[{'role': 'developer', 'content': ""You're an helpful tutor. Your task is to use the socratic method to help the user solve logic deduction puzzles.""}, {'role': 'user', 'content': 'What is sqrt(-1)?'}]"
"orange book,black book,white book,red book,yellow book",4,red book is located exactly midway between white book and yellow book,red book is more expensive than orange book,orange book is exactly 2 ranks cheaper than white book,orange book is cheaper than white book,"cheap, expensive","['dotted circles', 'blank', 'blank', 'horizontal lines', 'blank']",Determine the price order of the colored books from cheapest to most expensive using the given statements.,"[{'role': 'developer', 'content': ""You're an helpful tutor. Your task is to use the socratic method to help the user solve logic deduction puzzles.""}, {'role': 'user', 'content': 'What is sqrt(-1)?'}]"
"goat,horse,dog,cat,bird",4,goat's cage is ahead of at least 4 animals',goat's cage is exactly 3 positions ahead of cat's,bird is behind dog,horse is not next to cat,"front, end","['dotted circles', 'blank', 'blank', 'horizontal lines', 'blank']",Determine the front-to-back cage order of the animals using the given statements.,"[{'role': 'developer', 'content': ""You're an helpful tutor. Your task is to use the socratic method to help the user solve logic deduction puzzles.""}, {'role': 'user', 'content': 'What is sqrt(-1)?'}]"
"orange book,red book,yellow book,black book,white book",4,red book is more expensive than orange book,black book is more expensive than yellow book,There are 1 books cheaper than red book,yellow book is exactly 2 ranks cheaper than white book,"cheap, expensive","['dotted circles', 'blank', 'blank', 'horizontal lines', 'blank']",Determine the price order of the colored books from cheapest to most expensive using the given statements.,"[{'role': 'developer', 'content': ""You're an helpful tutor. Your task is to use the socratic method to help the user solve logic deduction puzzles.""}, {'role': 'user', 'content': 'What is sqrt(-1)?'}]"
"goat,horse,bird,dog,cat",4,There are 3 animals behind horse,dog is behind horse,horse is not next to cat,goat's cage is exactly 3 positions ahead of dog's,"front, end","['blank', 'dotted circles', 'blank', 'blank', 'horizontal lines']",Determine the front-to-back cage order of the animals using the given statements.,"[{'role': 'developer', 'content': ""You're an helpful tutor. Your task is to use the socratic method to help the user solve logic deduction puzzles.""}, {'role': 'user', 'content': 'What is sqrt(-1)?'}]"
"E,A,B,D,C",4,There are 4 people in front of C,A is ahead of B,B is ahead of D,A is behind E,"front, end","['blank', 'blank', 'blank', 'horizontal lines', 'dotted circles']",Determine the front-to-back order of the people using the given statements.,"[{'role': 'developer', 'content': ""You're an helpful tutor. Your task is to use the socratic method to help the user solve logic deduction puzzles.""}, {'role': 'user', 'content': 'What is sqrt(-1)?'}]"
"E,D,A,B,C",4,There is 1 person in front of D,C is behind A,D is behind E,A is not next to C,"front, end","['dotted circles', 'blank', 'blank', 'horizontal lines', 'blank']",Determine the front-to-back order of the people using the given statements.,"[{'role': 'developer', 'content': ""You're an helpful tutor. Your task is to use the socratic method to help the user solve logic deduction puzzles.""}, {'role': 'user', 'content': 'What is sqrt(-1)?'}]"
"cat,goat,dog,horse,bird",4,goat is ahead of bird,There is 1 animal behind horse,dog's cage is exactly 2 positions ahead of bird's,cat's cage is exactly 4 positions ahead of bird's,"front, end","['dotted circles', 'blank', 'blank', 'horizontal lines', 'blank']",Determine the front-to-back cage order of the animals using the given statements.,"[{'role': 'developer', 'content': ""You're an helpful tutor. Your task is to use the socratic method to help the user solve logic deduction puzzles.""}, {'role': 'user', 'content': 'What is sqrt(-1)?'}]"
"Jacob,Jennifer,Thomas,Paul,Linda",4,Paul is somewhere between Linda and Jennifer,There are 2 people younger than Thomas,Linda is older than Jennifer,Jacob is younger than Jennifer,"young, old","['dotted circles', 'blank', 'blank', 'horizontal lines', 'blank']",Determine the age order of the people from youngest to oldest using the given statements.,"[{'role': 'developer', 'content': ""You're an helpful tutor. Your task is to use the socratic method to help the user solve logic deduction puzzles.""}, {'role': 'user', 'content': 'What is sqrt(-1)?'}]"
"red book,orange book,white book,yellow book,black book",4,orange book is at position 2,orange book is not the most expensive,black book is more expensive than white book,white book is located exactly midway between orange book and yellow book,"cheap, expensive","['dotted circles', 'blank', 'blank', 'horizontal lines', 'blank']",Determine the price order of the colored books from cheapest to most expensive using the given statements.,"[{'role': 'developer', 'content': ""You're an helpful tutor. Your task is to use the socratic method to help the user solve logic deduction puzzles.""}, {'role': 'user', 'content': 'What is sqrt(-1)?'}]"
"white book,orange book,yellow book,red book,black book",4,orange book is cheaper than red book,white book is exactly 4 ranks cheaper than black book,There are 2 books more expensive than yellow book,yellow book is more expensive than orange book,"cheap, expensive","['dotted circles', 'horizontal lines', 'blank', 'blank', 'blank']",Determine the price order of the colored books from cheapest to most expensive using the given statements.,"[{'role': 'developer', 'content': ""You're an helpful tutor. Your task is to use the socratic method to help the user solve logic deduction puzzles.""}, {'role': 'user', 'content': 'What is sqrt(-1)?'}]"
"D,A,B,C,E",4,There are 3 people in front of C,A is somewhere between D and B,B is somewhere between D and C,B is ahead of C,"front, end","['dotted circles', 'blank', 'blank', 'horizontal lines', 'blank']",Determine the front-to-back order of the people using the given statements.,"[{'role': 'developer', 'content': ""You're an helpful tutor. Your task is to use the socratic method to help the user solve logic deduction puzzles.""}, {'role': 'user', 'content': 'What is sqrt(-1)?'}]"
"Paul,Thomas,Jennifer,Linda,Jacob",4,There are 3 people older than Thomas,Jennifer is somewhere between Thomas and Linda,Linda is older than Thomas,Linda is younger than Jacob,"young, old","['dotted circles', 'blank', 'blank', 'horizontal lines', 'blank']",Determine the age order of the people from youngest to oldest using the given statements.,"[{'role': 'developer', 'content': ""You're an helpful tutor. Your task is to use the socratic method to help the user solve logic deduction puzzles.""}, {'role': 'user', 'content': 'What is sqrt(-1)?'}]"
"Linda,Paul,Jacob,Thomas,Jennifer",4,There are 2 people younger than Jacob,Thomas is somewhere between Jacob and Jennifer,Linda is younger than Paul,Linda is younger than Thomas,"young, old","['blank', 'horizontal lines', 'blank', 'blank', 'dotted circles']",Determine the age order of the people from youngest to oldest using the given statements.,"[{'role': 'developer', 'content': ""You're an helpful tutor. Your task is to use the socratic method to help the user solve logic deduction puzzles.""}, {'role': 'user', 'content': 'What is sqrt(-1)?'}]"
"dog,cat,bird,horse,goat",4,goat is not next to bird,cat is ahead of horse,There are 2 animals ahead of bird,dog's cage is exactly 2 positions ahead of bird's,"front, end","['dotted circles', 'blank', 'blank', 'horizontal lines', 'blank']",Determine the front-to-back cage order of the animals using the given statements.,"[{'role': 'developer', 'content': ""You're an helpful tutor. Your task is to use the socratic method to help the user solve logic deduction puzzles.""}, {'role': 'user', 'content': 'What is sqrt(-1)?'}]"
"Bob,David,Brown,May,Mia",4,Brown is shorter than May,Bob is shorter than David,May is shorter than Mia,There are 2 people shorter than Brown,"short, tall","['dotted circles', 'blank', 'blank', 'horizontal lines', 'blank']",Determine the height order of the people from shortest to tallest using the given statements.,"[{'role': 'developer', 'content': ""You're an helpful tutor. Your task is to use the socratic method to help the user solve logic deduction puzzles.""}, {'role': 'user', 'content': 'What is sqrt(-1)?'}]"
"black book,yellow book,white book,orange book,red book",4,red book is more expensive than black book,black book is exactly 2 ranks cheaper than white book,black book is cheaper than red book,orange book is located exactly midway between white book and red book,"cheap, expensive","['dotted circles', 'blank', 'blank', 'horizontal lines', 'blank']",Determine the price order of the colored books from cheapest to most expensive using the given statements.,"[{'role': 'developer', 'content': ""You're an helpful tutor. Your task is to use the socratic method to help the user solve logic deduction puzzles.""}, {'role': 'user', 'content': 'What is sqrt(-1)?'}]"
"Mia,Bob,Brown,May,David",4,David is taller than May,Bob is taller than Mia,Brown is taller than Bob,There are 3 people shorter than May,"short, tall","['dotted circles', 'blank', 'blank', 'horizontal lines', 'blank']",Determine the height order of the people from shortest to tallest using the given statements.,"[{'role': 'developer', 'content': ""You're an helpful tutor. Your task is to use the socratic method to help the user solve logic deduction puzzles.""}, {'role': 'user', 'content': 'What is sqrt(-1)?'}]"
"Thomas,Jacob,Paul,Linda,Jennifer",4,Jennifer is at position 5,Paul is somewhere between Linda and Jacob,Jacob is not the youngest,Paul is younger than Linda,"young, old","['blank', 'dotted circles', 'blank', 'horizontal lines', 'blank']",Determine the age order of the people from youngest to oldest using the given statements.,"[{'role': 'developer', 'content': ""You're an helpful tutor. Your task is to use the socratic method to help the user solve logic deduction puzzles.""}, {'role': 'user', 'content': 'What is sqrt(-1)?'}]"
"Paul,Thomas,Jennifer,Linda,Jacob",4,Linda is somewhere between Jennifer and Jacob,Jennifer is somewhere between Thomas and Linda,Paul is younger than Thomas,Thomas is younger than Jacob,"young, old","['dotted circles', 'blank', 'blank', 'horizontal lines', 'blank']",Determine the age order of the people from youngest to oldest using the given statements.,"[{'role': 'developer', 'content': ""You're an helpful tutor. Your task is to use the socratic method to help the user solve logic deduction puzzles.""}, {'role': 'user', 'content': 'What is sqrt(-1)?'}]"
"white book,black book,orange book,red book,yellow book",4,orange book is more expensive than white book,orange book is exactly 2 ranks cheaper than yellow book,black book is exactly 3 ranks cheaper than yellow book,orange book is cheaper than yellow book,"cheap, expensive","['dotted circles', 'blank', 'blank', 'horizontal lines', 'blank']",Determine the price order of the colored books from cheapest to most expensive using the given statements.,"[{'role': 'developer', 'content': ""You're an helpful tutor. Your task is to use the socratic method to help the user solve logic deduction puzzles.""}, {'role': 'user', 'content': 'What is sqrt(-1)?'}]"
"Bob,Brown,Mia,David,May",4,Mia is somewhere between David and Bob,David is shorter than May,There are 3 people taller than Brown,David is not the shortest,"short, tall","['dotted circles', 'blank', 'horizontal lines', 'blank', 'blank']",Determine the height order of the people from shortest to tallest using the given statements.,"[{'role': 'developer', 'content': ""You're an helpful tutor. Your task is to use the socratic method to help the user solve logic deduction puzzles.""}, {'role': 'user', 'content': 'What is sqrt(-1)?'}]"
"Jennifer,Thomas,Linda,Jacob,Paul",4,Thomas is somewhere between Jacob and Jennifer,Jacob is older than Linda,Jacob is not the eldest,Thomas is at position 2,"young, old","['dotted circles', 'horizontal lines', 'blank', 'blank', 'blank']",Determine the age order of the people from youngest to oldest using the given statements.,"[{'role': 'developer', 'content': ""You're an helpful tutor. Your task is to use the socratic method to help the user solve logic deduction puzzles.""}, {'role': 'user', 'content': 'What is sqrt(-1)?'}]"
"D,E,A,B,C",4,D is ahead of C,E is at position 2,B is not the last,A is somewhere between B and E,"front, end","['dotted circles', 'blank', 'blank', 'horizontal lines', 'blank']",Determine the front-to-back order of the people using the given statements.,"[{'role': 'developer', 'content': ""You're an helpful tutor. Your task is to use the socratic method to help the user solve logic deduction puzzles.""}, {'role': 'user', 'content': 'What is sqrt(-1)?'}]"
"D,A,C,E,B",4,B is behind E,E is somewhere between B and A,A is not the first,C is somewhere between A and E,"front, end","['blank', 'dotted circles', 'horizontal lines', 'blank', 'blank']",Determine the front-to-back order of the people using the given statements.,"[{'role': 'developer', 'content': ""You're an helpful tutor. Your task is to use the socratic method to help the user solve logic deduction puzzles.""}, {'role': 'user', 'content': 'What is sqrt(-1)?'}]"
"A,D,E,B,C",4,E is ahead of C,A is ahead of D,E is somewhere between C and D,B is at position 4,"front, end","['dotted circles', 'blank', 'blank', 'horizontal lines', 'blank']",Determine the front-to-back order of the people using the given statements.,"[{'role': 'developer', 'content': ""You're an helpful tutor. Your task is to use the socratic method to help the user solve logic deduction puzzles.""}, {'role': 'user', 'content': 'What is sqrt(-1)?'}]"
"B,C,A,E,D",4,A is not next to B,D is behind E,There is 1 person behind E,C is ahead of A,"front, end","['blank', 'dotted circles', 'blank', 'horizontal lines', 'blank']",Determine the front-to-back order of the people using the given statements.,"[{'role': 'developer', 'content': ""You're an helpful tutor. Your task is to use the socratic method to help the user solve logic deduction puzzles.""}, {'role': 'user', 'content': 'What is sqrt(-1)?'}]"
"May,Mia,Brown,Bob,David",4,Bob is somewhere between David and Mia,There are 2 people shorter than Brown,May is shorter than Mia,Mia is somewhere between Bob and May,"short, tall","['blank', 'horizontal lines', 'blank', 'dotted circles', 'blank']",Determine the height order of the people from shortest to tallest using the given statements.,"[{'role': 'developer', 'content': ""You're an helpful tutor. Your task is to use the socratic method to help the user solve logic deduction puzzles.""}, {'role': 'user', 'content': 'What is sqrt(-1)?'}]"
"C,B,E,D,A",4,There is 1 person behind D,C is ahead of B,B is ahead of E,E is ahead of A,"front, end","['dotted circles', 'blank', 'blank', 'horizontal lines', 'blank']",Determine the front-to-back order of the people using the given statements.,"[{'role': 'developer', 'content': ""You're an helpful tutor. Your task is to use the socratic method to help the user solve logic deduction puzzles.""}, {'role': 'user', 'content': 'What is sqrt(-1)?'}]"
"cat,bird,horse,dog,goat",4,cat's cage is exactly 4 positions ahead of goat's,bird is not next to dog,dog is not next to cat,cat is not next to horse,"front, end","['dotted circles', 'blank', 'blank', 'horizontal lines', 'blank']",Determine the front-to-back cage order of the animals using the given statements.,"[{'role': 'developer', 'content': ""You're an helpful tutor. Your task is to use the socratic method to help the user solve logic deduction puzzles.""}, {'role': 'user', 'content': 'What is sqrt(-1)?'}]"
"B,D,A,E,C",4,There is 1 person behind E,C is behind E,D is behind B,B is not next to A,"front, end","['dotted circles', 'horizontal lines', 'blank', 'blank', 'blank']",Determine the front-to-back order of the people using the given statements.,"[{'role': 'developer', 'content': ""You're an helpful tutor. Your task is to use the socratic method to help the user solve logic deduction puzzles.""}, {'role': 'user', 'content': 'What is sqrt(-1)?'}]"
"Bob,Brown,May,David,Mia",4,May is somewhere between Mia and Brown,David is taller than May,Brown is not the shortest,There are 0 people taller than Mia,"short, tall","['dotted circles', 'blank', 'blank', 'horizontal lines', 'blank']",Determine the height order of the people from shortest to tallest using the given statements.,"[{'role': 'developer', 'content': ""You're an helpful tutor. Your task is to use the socratic method to help the user solve logic deduction puzzles.""}, {'role': 'user', 'content': 'What is sqrt(-1)?'}]"
"yellow book,white book,orange book,black book,red book",4,black book is cheaper than red book,black book is more expensive than white book,white book is exactly 2 ranks cheaper than black book,yellow book is exactly 4 ranks cheaper than red book,"cheap, expensive","['blank', 'blank', 'blank', 'dotted circles', 'horizontal lines']",Determine the price order of the colored books from cheapest to most expensive using the given statements.,"[{'role': 'developer', 'content': ""You're an helpful tutor. Your task is to use the socratic method to help the user solve logic deduction puzzles.""}, {'role': 'user', 'content': 'What is sqrt(-1)?'}]"
"Brown,David,Bob,Mia,May",4,Bob is shorter than Mia,David is taller than Brown,Mia is somewhere between Brown and May,Bob is taller than David,"short, tall","['blank', 'blank', 'blank', 'horizontal lines', 'dotted circles']",Determine the height order of the people from shortest to tallest using the given statements.,"[{'role': 'developer', 'content': ""You're an helpful tutor. Your task is to use the socratic method to help the user solve logic deduction puzzles.""}, {'role': 'user', 'content': 'What is sqrt(-1)?'}]"
"May,Mia,Brown,Bob,David",4,Bob is somewhere between David and Brown,Mia is somewhere between May and Brown,Bob is shorter than David,May is the shortest,"short, tall","['dotted circles', 'blank', 'blank', 'horizontal lines', 'blank']",Determine the height order of the people from shortest to tallest using the given statements.,"[{'role': 'developer', 'content': ""You're an helpful tutor. Your task is to use the socratic method to help the user solve logic deduction puzzles.""}, {'role': 'user', 'content': 'What is sqrt(-1)?'}]"
"Bob,David,Mia,May,Brown",4,Mia is shorter than May,David is somewhere between Mia and Bob,Mia is taller than Bob,May is shorter than Brown,"short, tall","['dotted circles', 'blank', 'blank', 'horizontal lines', 'blank']",Determine the height order of the people from shortest to tallest using the given statements.,"[{'role': 'developer', 'content': ""You're an helpful tutor. Your task is to use the socratic method to help the user solve logic deduction puzzles.""}, {'role': 'user', 'content': 'What is sqrt(-1)?'}]"
"orange book,yellow book,black book,red book,white book",4,black book is exactly 2 ranks cheaper than white book,red book is more expensive than yellow book,There are 1 books more expensive than red book,yellow book is exactly 3 ranks cheaper than white book,"cheap, expensive","['dotted circles', 'blank', 'blank', 'horizontal lines', 'blank']",Determine the price order of the colored books from cheapest to most expensive using the given statements.,"[{'role': 'developer', 'content': ""You're an helpful tutor. Your task is to use the socratic method to help the user solve logic deduction puzzles.""}, {'role': 'user', 'content': 'What is sqrt(-1)?'}]"
"goat,horse,cat,bird,dog",4,goat is not next to bird,goat's cage is exactly 2 positions ahead of cat's,cat is behind horse,There are 0 animals behind dog,"front, end","['dotted circles', 'blank', 'blank', 'horizontal lines', 'blank']",Determine the front-to-back cage order of the animals using the given statements.,"[{'role': 'developer', 'content': ""You're an helpful tutor. Your task is to use the socratic method to help the user solve logic deduction puzzles.""}, {'role': 'user', 'content': 'What is sqrt(-1)?'}]"
"bird,dog,horse,goat,cat",4,dog is not next to cat,goat is not next to dog,bird's cage is exactly 4 positions ahead of cat's,cat is behind horse,"front, end","['blank', 'blank', 'blank', 'horizontal lines', 'dotted circles']",Determine the front-to-back cage order of the animals using the given statements.,"[{'role': 'developer', 'content': ""You're an helpful tutor. Your task is to use the socratic method to help the user solve logic deduction puzzles.""}, {'role': 'user', 'content': 'What is sqrt(-1)?'}]"
"horse,bird,dog,goat,cat",4,horse's cage is exactly 2 positions ahead of dog's,horse's cage is exactly 3 positions ahead of goat's,There are 4 animals behind horse,bird is not in the last cage,"front, end","['blank', 'blank', 'dotted circles', 'horizontal lines', 'blank']",Determine the front-to-back cage order of the animals using the given statements.,"[{'role': 'developer', 'content': ""You're an helpful tutor. Your task is to use the socratic method to help the user solve logic deduction puzzles.""}, {'role': 'user', 'content': 'What is sqrt(-1)?'}]"
"black book,red book,yellow book,white book,orange book",4,black book is exactly 4 ranks cheaper than orange book,black book is cheaper than red book,red book is exactly 2 ranks cheaper than white book,There are 1 books more expensive than white book,"cheap, expensive","['dotted circles', 'blank', 'blank', 'horizontal lines', 'blank']",Determine the price order of the colored books from cheapest to most expensive using the given statements.,"[{'role': 'developer', 'content': ""You're an helpful tutor. Your task is to use the socratic method to help the user solve logic deduction puzzles.""}, {'role': 'user', 'content': 'What is sqrt(-1)?'}]"
"bird,goat,horse,cat,dog",4,goat is ahead of horse,bird's cage is exactly 4 positions ahead of dog's,goat is not next to cat,There are 0 animals behind dog,"front, end","['dotted circles', 'blank', 'blank', 'horizontal lines', 'blank']",Determine the front-to-back cage order of the animals using the given statements.,"[{'role': 'developer', 'content': ""You're an helpful tutor. Your task is to use the socratic method to help the user solve logic deduction puzzles.""}, {'role': 'user', 'content': 'What is sqrt(-1)?'}]"
"Bob,May,David,Mia,Brown",4,David is at position 3,Brown is taller than Mia,Bob is shorter than May,Mia is taller than May,"short, tall","['dotted circles', 'blank', 'blank', 'horizontal lines', 'blank']",Determine the height order of the people from shortest to tallest using the given statements.,"[{'role': 'developer', 'content': ""You're an helpful tutor. Your task is to use the socratic method to help the user solve logic deduction puzzles.""}, {'role': 'user', 'content': 'What is sqrt(-1)?'}]"
"red book,yellow book,black book,orange book,white book",4,white book is more expensive than black book,red book is exactly 3 ranks cheaper than orange book,white book is not the cheapest,red book is exactly 2 ranks cheaper than black book,"cheap, expensive","['dotted circles', 'blank', 'horizontal lines', 'blank', 'blank']",Determine the price order of the colored books from cheapest to most expensive using the given statements.,"[{'role': 'developer', 'content': ""You're an helpful tutor. Your task is to use the socratic method to help the user solve logic deduction puzzles.""}, {'role': 'user', 'content': 'What is sqrt(-1)?'}]"
"Jacob,Thomas,Paul,Linda,Jennifer",4,Thomas is older than Jacob,Linda is somewhere between Jennifer and Thomas,There are 3 people younger than Linda,Paul is somewhere between Linda and Thomas,"young, old","['dotted circles', 'blank', 'blank', 'horizontal lines', 'blank']",Determine the age order of the people from youngest to oldest using the given statements.,"[{'role': 'developer', 'content': ""You're an helpful tutor. Your task is to use the socratic method to help the user solve logic deduction puzzles.""}, {'role': 'user', 'content': 'What is sqrt(-1)?'}]"
"white book,red book,orange book,black book,yellow book",4,white book is exactly 3 ranks cheaper than black book,red book is not the cheapest,yellow book is more expensive than orange book,There are 3 books more expensive than red book,"cheap, expensive","['dotted circles', 'horizontal lines', 'blank', 'blank', 'blank']",Determine the price order of the colored books from cheapest to most expensive using the given statements.,"[{'role': 'developer', 'content': ""You're an helpful tutor. Your task is to use the socratic method to help the user solve logic deduction puzzles.""}, {'role': 'user', 'content': 'What is sqrt(-1)?'}]"
"Bob,May,Mia,David,Brown",4,There is 1 person shorter than May,Mia is somewhere between May and David,May is shorter than David,David is shorter than Brown,"short, tall","['blank', 'dotted circles', 'blank', 'horizontal lines', 'blank']",Determine the height order of the people from shortest to tallest using the given statements.,"[{'role': 'developer', 'content': ""You're an helpful tutor. Your task is to use the socratic method to help the user solve logic deduction puzzles.""}, {'role': 'user', 'content': 'What is sqrt(-1)?'}]"
"horse,cat,goat,dog,bird",4,horse's cage is exactly 3 positions ahead of dog's,dog is not next to cat,There are 4 animals ahead of bird,goat is not in the first cage,"front, end","['blank', 'blank', 'blank', 'horizontal lines', 'dotted circles']",Determine the front-to-back cage order of the animals using the given statements.,"[{'role': 'developer', 'content': ""You're an helpful tutor. Your task is to use the socratic method to help the user solve logic deduction puzzles.""}, {'role': 'user', 'content': 'What is sqrt(-1)?'}]"
"Bob,Brown,David,May,Mia",4,Brown is taller than Bob,Bob is shorter than May,David is somewhere between Brown and May,There are 3 people shorter than May,"short, tall","['blank', 'dotted circles', 'blank', 'horizontal lines', 'blank']",Determine the height order of the people from shortest to tallest using the given statements.,"[{'role': 'developer', 'content': ""You're an helpful tutor. Your task is to use the socratic method to help the user solve logic deduction puzzles.""}, {'role': 'user', 'content': 'What is sqrt(-1)?'}]"
"A,E,B,D,C",4,There are 3 people behind E,B is somewhere between E and C,D is not the first,C is not next to B,"front, end","['dotted circles', 'horizontal lines', 'blank', 'blank', 'blank']",Determine the front-to-back order of the people using the given statements.,"[{'role': 'developer', 'content': ""You're an helpful tutor. Your task is to use the socratic method to help the user solve logic deduction puzzles.""}, {'role': 'user', 'content': 'What is sqrt(-1)?'}]"
"C,B,E,A,D",4,D is behind A,B is at position 2,E is somewhere between C and D,D is not next to E,"front, end","['dotted circles', 'blank', 'blank', 'horizontal lines', 'blank']",Determine the front-to-back order of the people using the given statements.,"[{'role': 'developer', 'content': ""You're an helpful tutor. Your task is to use the socratic method to help the user solve logic deduction puzzles.""}, {'role': 'user', 'content': 'What is sqrt(-1)?'}]"
"yellow book,black book,white book,red book,orange book",4,black book is cheaper than white book,red book is more expensive than white book,black book is more expensive than yellow book,red book is at position 4,"cheap, expensive","['blank', 'blank', 'blank', 'horizontal lines', 'dotted circles']",Determine the price order of the colored books from cheapest to most expensive using the given statements.,"[{'role': 'developer', 'content': ""You're an helpful tutor. Your task is to use the socratic method to help the user solve logic deduction puzzles.""}, {'role': 'user', 'content': 'What is sqrt(-1)?'}]"
"A,C,D,B,E",4,A is ahead of D,D is ahead of E,There are 3 people in front of B,A is not next to D,"front, end","['dotted circles', 'blank', 'blank', 'horizontal lines', 'blank']",Determine the front-to-back order of the people using the given statements.,"[{'role': 'developer', 'content': ""You're an helpful tutor. Your task is to use the socratic method to help the user solve logic deduction puzzles.""}, {'role': 'user', 'content': 'What is sqrt(-1)?'}]"
"Bob,May,Mia,Brown,David",4,There is 1 person shorter than May,Brown is shorter than David,Mia is shorter than Brown,Mia is somewhere between Brown and May,"short, tall","['blank', 'dotted circles', 'blank', 'horizontal lines', 'blank']",Determine the height order of the people from shortest to tallest using the given statements.,"[{'role': 'developer', 'content': ""You're an helpful tutor. Your task is to use the socratic method to help the user solve logic deduction puzzles.""}, {'role': 'user', 'content': 'What is sqrt(-1)?'}]"
"Mia,Brown,David,May,Bob",4,David is somewhere between May and Brown,There are 3 people shorter than May,Brown is not the tallest,Brown is taller than Mia,"short, tall","['blank', 'dotted circles', 'blank', 'horizontal lines', 'blank']",Determine the height order of the people from shortest to tallest using the given statements.,"[{'role': 'developer', 'content': ""You're an helpful tutor. Your task is to use the socratic method to help the user solve logic deduction puzzles.""}, {'role': 'user', 'content': 'What is sqrt(-1)?'}]"
"E,B,A,D,C",4,A is behind B,C is behind D,D is behind A,B is somewhere between A and E,"front, end","['blank', 'blank', 'dotted circles', 'horizontal lines', 'blank']",Determine the front-to-back order of the people using the given statements.,"[{'role': 'developer', 'content': ""You're an helpful tutor. Your task is to use the socratic method to help the user solve logic deduction puzzles.""}, {'role': 'user', 'content': 'What is sqrt(-1)?'}]"
"orange book,yellow book,black book,white book,red book",4,orange book is exactly 2 ranks cheaper than black book,orange book is exactly 4 ranks cheaper than red book,red book is more expensive than orange book,There are 1 books cheaper than yellow book,"cheap, expensive","['dotted circles', 'blank', 'blank', 'blank', 'horizontal lines']",Determine the price order of the colored books from cheapest to most expensive using the given statements.,"[{'role': 'developer', 'content': ""You're an helpful tutor. Your task is to use the socratic method to help the user solve logic deduction puzzles.""}, {'role': 'user', 'content': 'What is sqrt(-1)?'}]"
"Linda,Jennifer,Thomas,Jacob,Paul",4,Thomas is somewhere between Jacob and Jennifer,Linda is younger than Jennifer,Thomas is somewhere between Linda and Paul,There is 1 person older than Jacob,"young, old","['blank', 'blank', 'dotted circles', 'horizontal lines', 'blank']",Determine the age order of the people from youngest to oldest using the given statements.,"[{'role': 'developer', 'content': ""You're an helpful tutor. Your task is to use the socratic method to help the user solve logic deduction puzzles.""}, {'role': 'user', 'content': 'What is sqrt(-1)?'}]"
"Bob,Brown,May,David,Mia",4,There are 3 people shorter than David,May is somewhere between Brown and David,Bob is shorter than Brown,Bob is shorter than Mia,"short, tall","['blank', 'blank', 'blank', 'horizontal lines', 'dotted circles']",Determine the height order of the people from shortest to tallest using the given statements.,"[{'role': 'developer', 'content': ""You're an helpful tutor. Your task is to use the socratic method to help the user solve logic deduction puzzles.""}, {'role': 'user', 'content': 'What is sqrt(-1)?'}]"
"A,C,D,B,E",4,B is ahead of E,A is at position 1,C is not next to B,C is ahead of B,"front, end","['blank', 'dotted circles', 'blank', 'horizontal lines', 'blank']",Determine the front-to-back order of the people using the given statements.,"[{'role': 'developer', 'content': ""You're an helpful tutor. Your task is to use the socratic method to help the user solve logic deduction puzzles.""}, {'role': 'user', 'content': 'What is sqrt(-1)?'}]"
"Thomas,Paul,Jennifer,Jacob,Linda",4,Paul is younger than Jennifer,There is 1 person older than Jacob,Paul is somewhere between Jacob and Thomas,Linda is older than Jacob,"young, old","['dotted circles', 'blank', 'blank', 'horizontal lines', 'blank']",Determine the age order of the people from youngest to oldest using the given statements.,"[{'role': 'developer', 'content': ""You're an helpful tutor. Your task is to use the socratic method to help the user solve logic deduction puzzles.""}, {'role': 'user', 'content': 'What is sqrt(-1)?'}]"
"Linda,Thomas,Jennifer,Jacob,Paul",4,Thomas is somewhere between Jennifer and Linda,There are 3 people younger than Jacob,Jennifer is younger than Paul,Linda is younger than Jennifer,"young, old","['dotted circles', 'blank', 'blank', 'horizontal lines', 'blank']",Determine the age order of the people from youngest to oldest using the given statements.,"[{'role': 'developer', 'content': ""You're an helpful tutor. Your task is to use the socratic method to help the user solve logic deduction puzzles.""}, {'role': 'user', 'content': 'What is sqrt(-1)?'}]"
"cat,horse,bird,dog,goat",4,cat is not next to bird,There are 0 animals behind goat,dog is not in the first cage,cat's cage is exactly 3 positions ahead of dog's,"front, end","['dotted circles', 'blank', 'blank', 'horizontal lines', 'blank']",Determine the front-to-back cage order of the animals using the given statements.,"[{'role': 'developer', 'content': ""You're an helpful tutor. Your task is to use the socratic method to help the user solve logic deduction puzzles.""}, {'role': 'user', 'content': 'What is sqrt(-1)?'}]"
"red book,yellow book,black book,white book,orange book",4,red book is exactly 4 ranks cheaper than orange book,yellow book is exactly 2 ranks cheaper than white book,yellow book is not the most expensive,yellow book is cheaper than black book,"cheap, expensive","['dotted circles', 'blank', 'blank', 'horizontal lines', 'blank']",Determine the price order of the colored books from cheapest to most expensive using the given statements.,"[{'role': 'developer', 'content': ""You're an helpful tutor. Your task is to use the socratic method to help the user solve logic deduction puzzles.""}, {'role': 'user', 'content': 'What is sqrt(-1)?'}